{"cameraMode":{"drawMode":0,"name":"Shaded","section":"Shading Mode"},"sceneLighting":false,"audioPlay":false,"sceneViewState":{"m_AlwaysRefresh":false,"showFog":true,"showSkybox":false,"showFlares":true,"showImageEffects":true,"showParticleSystems":true,"showVisualEffectGraphs":true,"m_FxEnabled":true},"in2DMode":false,"pivot":{"x":-2.262660264968872,"y":0.25032657384872439,"z":-14.689501762390137},"rotation":{"x":-0.025360671803355218,"y":0.9303337931632996,"z":-0.3710806667804718,"w":0.02004438266158104},"size":1.6903882026672364,"orthographic":false}