{"cameraMode":{"drawMode":0,"name":"Shaded","section":"Shading Mode"},"sceneLighting":false,"audioPlay":false,"sceneViewState":{"m_AlwaysRefresh":false,"showFog":true,"showSkybox":false,"showFlares":true,"showImageEffects":true,"showParticleSystems":true,"showVisualEffectGraphs":true,"m_FxEnabled":true},"in2DMode":false,"pivot":{"x":-0.022719621658325197,"y":1.3197139501571656,"z":0.3696960210800171},"rotation":{"x":0.034854281693696979,"y":0.9264628887176514,"z":-0.3274899125099182,"w":0.19358013570308686},"size":2.5806946754455568,"orthographic":false}