{"cameraMode":{"drawMode":0,"name":"Shaded","section":"Shading Mode"},"sceneLighting":false,"audioPlay":false,"sceneViewState":{"m_AlwaysRefresh":false,"showFog":true,"showSkybox":false,"showFlares":true,"showImageEffects":true,"showParticleSystems":true,"showVisualEffectGraphs":true,"m_FxEnabled":true},"in2DMode":false,"pivot":{"x":-3.2290000915527345,"y":0.09600000083446503,"z":-26.239789962768556},"rotation":{"x":-0.08940088003873825,"y":-0.6754456758499146,"z":0.10922430455684662,"w":-0.7260627746582031},"size":0.5761497020721436,"orthographic":false}