{"cameraMode":{"drawMode":0,"name":"Shaded","section":"Shading Mode"},"sceneLighting":true,"audioPlay":false,"sceneViewState":{"m_AlwaysRefresh":false,"showFog":true,"showSkybox":true,"showFlares":true,"showImageEffects":true,"showParticleSystems":true,"showVisualEffectGraphs":true,"m_FxEnabled":true},"in2DMode":false,"pivot":{"x":-1.5742359161376954,"y":0.9751972556114197,"z":-14.842021942138672},"rotation":{"x":0.03349747136235237,"y":0.9605120420455933,"z":-0.24204061925411225,"w":0.13369755446910859},"size":0.3455507755279541,"orthographic":false}