{"cameraMode":{"drawMode":0,"name":"Shaded","section":"Shading Mode"},"sceneLighting":true,"audioPlay":false,"sceneViewState":{"m_AlwaysRefresh":false,"showFog":true,"showSkybox":true,"showFlares":true,"showImageEffects":true,"showParticleSystems":true,"showVisualEffectGraphs":true,"m_FxEnabled":true},"in2DMode":false,"pivot":{"x":-13.686444282531739,"y":1.3449318408966065,"z":-23.330055236816408},"rotation":{"x":0.009480906650424004,"y":-0.9951619505882263,"z":0.02216441184282303,"w":0.10760600119829178},"size":11.855208396911621,"orthographic":false}