{"cameraMode":{"drawMode":0,"name":"Shaded","section":"Shading Mode"},"sceneLighting":true,"audioPlay":false,"sceneViewState":{"m_AlwaysRefresh":false,"showFog":true,"showSkybox":true,"showFlares":true,"showImageEffects":true,"showParticleSystems":true,"showVisualEffectGraphs":true,"m_FxEnabled":true},"in2DMode":false,"pivot":{"x":-9.834396362304688,"y":3.6875557899475099,"z":-15.689199447631836},"rotation":{"x":0.11373315751552582,"y":0.42789793014526369,"z":-0.06483317166566849,"w":0.8954889178276062},"size":0.19178059697151185,"orthographic":false}