{"cameraMode":{"drawMode":0,"name":"Shaded","section":"Shading Mode"},"sceneLighting":true,"audioPlay":false,"sceneViewState":{"m_AlwaysRefresh":false,"showFog":true,"showSkybox":true,"showFlares":true,"showImageEffects":true,"showParticleSystems":true,"showVisualEffectGraphs":true,"m_FxEnabled":true},"in2DMode":false,"pivot":{"x":-6.6326069831848148,"y":2.8469748497009279,"z":1.480749487876892},"rotation":{"x":-0.03298886492848396,"y":-0.8897794485092163,"z":0.08950019627809525,"w":-0.448726087808609},"size":0.21885351836681367,"orthographic":false}