{"cameraMode":{"drawMode":0,"name":"Shaded","section":"Shading Mode"},"sceneLighting":false,"audioPlay":false,"sceneViewState":{"m_AlwaysRefresh":false,"showFog":true,"showSkybox":false,"showFlares":true,"showImageEffects":true,"showParticleSystems":true,"showVisualEffectGraphs":true,"m_FxEnabled":true},"in2DMode":false,"pivot":{"x":0.20865297317504884,"y":1.2885260581970215,"z":-0.47140663862228396},"rotation":{"x":-0.21675463020801545,"y":-0.7087576985359192,"z":0.24772630631923676,"w":-0.6243728399276733},"size":2.9983057975769045,"orthographic":false}