{"cameraMode":{"drawMode":0,"name":"Shaded","section":"Shading Mode"},"sceneLighting":true,"audioPlay":false,"sceneViewState":{"m_AlwaysRefresh":false,"showFog":true,"showSkybox":false,"showFlares":true,"showImageEffects":true,"showParticleSystems":true,"showVisualEffectGraphs":true,"m_FxEnabled":true},"in2DMode":false,"pivot":{"x":-0.16524505615234376,"y":1.8311500549316407,"z":0.7246384620666504},"rotation":{"x":-0.24500742554664613,"y":-0.6675620079040527,"z":0.25041040778160097,"w":-0.657386302947998},"size":1.7530741691589356,"orthographic":false}