{"cameraMode":{"drawMode":0,"name":"Shaded","section":"Shading Mode"},"sceneLighting":false,"audioPlay":false,"sceneViewState":{"m_AlwaysRefresh":false,"showFog":true,"showSkybox":false,"showFlares":true,"showImageEffects":true,"showParticleSystems":true,"showVisualEffectGraphs":true,"m_FxEnabled":true},"in2DMode":false,"pivot":{"x":1072.5980224609375,"y":905.3375244140625,"z":-218.2689971923828},"rotation":{"x":0.10331695526838303,"y":0.3743565082550049,"z":-0.055292364209890369,"w":0.9214537143707275},"size":1970.5677490234375,"orthographic":false}