{"cameraMode":{"drawMode":0,"name":"Shaded","section":"Shading Mode"},"sceneLighting":false,"audioPlay":false,"sceneViewState":{"m_AlwaysRefresh":false,"showFog":true,"showSkybox":false,"showFlares":true,"showImageEffects":true,"showParticleSystems":true,"showVisualEffectGraphs":true,"m_FxEnabled":true},"in2DMode":false,"pivot":{"x":-1.5036019086837769,"y":0.25318408012390139,"z":-3.4960145950317385},"rotation":{"x":0.17108982801437379,"y":-0.021969709545373918,"z":-0.024180825799703599,"w":0.9860396981239319},"size":1.491291880607605,"orthographic":false}