{"cameraMode":{"drawMode":0,"name":"Shaded","section":"Shading Mode"},"sceneLighting":false,"audioPlay":false,"sceneViewState":{"m_AlwaysRefresh":false,"showFog":true,"showSkybox":false,"showFlares":true,"showImageEffects":true,"showParticleSystems":true,"showVisualEffectGraphs":true,"m_FxEnabled":true},"in2DMode":false,"pivot":{"x":-3.2290000915527345,"y":0.09600000083446503,"z":-26.239789962768556},"rotation":{"x":0.02616574987769127,"y":0.6575023531913757,"z":-0.04863155633211136,"w":0.753631055355072},"size":0.7136344909667969,"orthographic":false}