{"cameraMode":{"drawMode":0,"name":"Shaded","section":"Shading Mode"},"sceneLighting":false,"audioPlay":false,"sceneViewState":{"m_AlwaysRefresh":false,"showFog":true,"showSkybox":false,"showFlares":true,"showImageEffects":true,"showParticleSystems":true,"showVisualEffectGraphs":true,"m_FxEnabled":true},"in2DMode":false,"pivot":{"x":0.6187088489532471,"y":0.9999998807907105,"z":0.27072668075561526},"rotation":{"x":-0.24936692416667939,"y":-0.6692010760307312,"z":0.2579130232334137,"w":-0.6511504650115967},"size":6.063424110412598,"orthographic":false}